predictor,mean_AIC,sd_AIC,min_AIC,max_AIC,med_AIC
bio15a,0.5581350424352487,0.388783769291331,0.0459686763942341,1,0.524344389748424
bio4a,0.8838881872895463,0.2613952281320545,0.0549176318060962,1,1
lc_01,0.810139182612035,0.25433218416910464,0.0765925467887967,1,0.929734601450152
lc_02,0.6503913589485317,0.32613662853998315,0.069831079169994,1,0.7353976203873336
lc_03,0.49468730416988166,0.3468667860905453,0.0693332412853191,1,0.412357577496242
lc_04,0.5864935129671486,0.28235915994443106,0.0572981198500031,1,0.600770395477523
lc_05,0.6309757575541173,0.291882960150534,0.0612574224410334,1,0.631615463957128
lc_07,0.6405383196367098,0.3082855315522115,0.0821778972679761,1,0.674829290858837
lc_09,0.4925618621627689,0.33176798720984957,0.0751046748976832,1,0.4460724350670485
