predictor,mean_AIC,sd_AIC,min_AIC,max_AIC,med_AIC
bio15a,0.49038064632015205,0.3604275070039605,0.0490711538696875,1,0.367834367031278
bio4a,0.8500788858306104,0.2971659005040132,0.0488286448358952,1,1
lc_01,0.7347669513114566,0.33327283559160753,0.0443919854635425,1,0.90838124846022406
lc_02,0.6008550270535045,0.3342063569843625,0.0569133648683451,1,0.623477315230733
lc_03,0.4278053326351492,0.36254881283004436,0.041178453676842,1,0.2428317101266455
lc_04,0.5790263266340626,0.34388447144425766,0.0807601219191977,1,0.600446218130814
lc_05,0.4203443956550384,0.29912100151374,0.0461017908249791,1,0.350193912036031
lc_07,0.531001330368835,0.3417985189104597,0.0816285155375951,1,0.4831118909138685
lc_09,0.4068270812777378,0.32086461226802854,0.0373670939166061,1,0.255457277413374
