predictor,mean_AIC,sd_AIC,min_AIC,max_AIC,med_AIC
bio_1,0.9766382275631892,0.12324216725044283,0.169693472715953,1,1
bio_12,0.8843370974379945,0.27650722856046317,0.0269453060039142,1,1
lc_01,0.6825799841812504,0.2625277756533746,0.150669487987655,1,0.6878600992002205
lc_02,0.5587596579990023,0.20965476830340904,0.0634481188483933,0.958320587840748,0.564197348566835
lc_03,0.5619765901343061,0.2955920040059169,0.183853874516019,1,0.461925640373392
lc_04,0.6955343210205225,0.26540516353343385,0.0634481188483933,1,0.7660415315853835
lc_05,0.5339855546675029,0.22385155072672627,0.205592086802028,1,0.5289236587921005
lc_07,0.594705715728034,0.24764628330576396,0.149115396476882,1,0.6034720031717875
lc_09,0.5189448493118731,0.28806755095769515,0.146390797409607,1,0.43787679968891147
