variable,mean,sd,min,max
dist_road,389.7699004849183,859.1525892273468,0.27912817633344067,7637.242611493096
nnb,296.89335292639515,552.913180031563,0.13677724348930365,12849.668202092873
