variable,mean,sd,min,max
dist_road,490.3766523991124,1051.1869749487385,0.27683446162257475,8782.381554368294
nnb,292.7927099576246,528.2689188341448,0.13558250191993207,12726.384141194329
